net,length_um
net108,268.13µm
net109,249.98µm
net170,233.09µm
net141,222.82µm
net33,216.49µm
net71,198.99µm
net206,196.32µm
net134,195.35µm
net215,193.295µm
net225,191.49µm
net126,190.23µm
net197,189.44µm
net242,187.735µm
net232,186.465µm
net207,186.285µm
net183,186.07µm
net44,184.67µm
net247,182.935µm
_0410_,182.14µm
net124,181.27µm
net229,181.165µm
net227,180.825µm
net251,178.11µm
net145,177.88µm
net133,177.57µm
net248,176.88µm
net73,176.79µm
net128,176.59µm
_0260_,176.22µm
net231,175.045µm
net249,174.58µm
_0192_,173.96µm
net169,172.92µm
net228,172.58µm
net246,171.425µm
_0180_,170.97µm
net189,170.835µm
net153,170.79µm
net150,170.63µm
net84,169.98µm
net245,166.48µm
net131,166.01µm
net125,165.54µm
net132,163.49µm
net106,163.44µm
net147,161.585µm
net142,160.82µm
net149,159.595µm
_0207_,158.78µm
net230,157.305µm
net119,155.5µm
net115,154.43µm
net191,154.3µm
net8,153.06µm
net138,152.705µm
net148,151.34µm
net244,149.565µm
net72,149.16µm
net184,148.9µm
net95,148.82µm
net140,148.59µm
net122,148.54µm
net146,148.28µm
net171,147.84µm
net137,146.285µm
net161,145.5µm
net130,144.4µm
net172,143.97µm
net252,143.195µm
net121,142.11µm
net136,141.395µm
_0248_,140.81µm
net192,140.38µm
_0237_,139.785µm
_0058_,139.52µm
net166,138.81µm
net144,138.705µm
_0132_,138.67µm
net112,138.285µm
net116,137.495µm
net162,135.71µm
net57,134.74µm
net127,132.4µm
net105,131.66µm
net56,129.68µm
net129,129.14µm
net68,128.855µm
net239,127.12µm
net9,126.06µm
net114,123.99µm
net243,123.26µm
net233,123.135µm
_0168_,122.88µm
net107,122.8µm
net250,121.13µm
net238,120.66µm
net164,117.53µm
net159,116.96µm
net70,116.32µm
net180,115.48µm
net241,114.745µm
net257,113.69µm
_0197_,113.45µm
_0401_,113.36µm
net196,113.08µm
net237,112.985µm
_0110_,112.79µm
net118,111.82µm
_0465_,110.98µm
_0241_,110.86µm
net54,110.18µm
net143,110.02µm
net193,109.31µm
net165,107.705µm
net53,107.68µm
_0497_,106.42µm
net113,106.12µm
_0580_,105.56µm
_0956_,105.2µm
net154,105.2µm
net205,104.88µm
_0553_,104.76µm
net212,104.7µm
net111,104.4µm
net219,104.07µm
net202,103.62µm
_0432_,103.58µm
net135,103.23µm
net58,103.14µm
net224,103.02µm
net139,102.24µm
net65,102.2µm
net59,101.24µm
net182,101.08µm
_0513_,100.78µm
_0249_,100.44µm
net1,99.78µm
net211,99.66µm
_0186_,99.18µm
net256,99.05µm
net158,98.8µm
net91,98.48µm
_0068_,98.2µm
net199,98.04µm
net167,97.4µm
_0714_,97.22µm
net157,96.66µm
_0981_,95.96µm
net110,95.74µm
_0837_,94.96µm
net213,94.88µm
_0209_,94.73µm
net52,94.655µm
net156,94.47µm
_0766_,94.15µm
net117,94.06µm
_0741_,93.48µm
net208,92.06µm
net217,91.6µm
net120,91.55µm
net240,90.92µm
_0764_,90.02µm
net123,89.64µm
_0893_,89.42µm
net66,89.28µm
net254,89.11µm
net85,88.64µm
_0185_,88.5µm
net210,87.64µm
net181,87.62µm
net29,87.45µm
_0238_,87.28µm
_0660_,84.04µm
net195,83.625µm
_0829_,83.3µm
net155,83.16µm
_0982_,81.82µm
net174,81.4µm
net26,80.515µm
net178,79.86µm
net175,79.54µm
_0608_,79.42µm
_0285_,79.36µm
net42,79.22µm
_0258_,78.8µm
net55,78.74µm
net234,78.7µm
net226,78.245µm
net48,78.105µm
net69,77.13µm
_0196_,76.73µm
_0527_,76.73µm
_0411_,76.46µm
net203,75.97µm
net236,75.36µm
_0861_,75.3µm
_0634_,74.89µm
net198,74.3µm
_0199_,74.23µm
_0089_,73.86µm
net220,73.84µm
net160,73.7µm
_0206_,73.64µm
net30,73.125µm
net41,73.065µm
net2,72.76µm
_0327_,72.36µm
_0415_,70.98µm
net96,70.98µm
_0786_,70.815µm
net216,70.78µm
_0181_,70.7µm
_0487_,70.43µm
net31,70.105µm
net36,70.02µm
net201,69.88µm
net151,69.56µm
_0190_,69.28µm
net255,69.26µm
_0688_,69.22µm
net49,68.04µm
_0344_,67.78µm
net214,67.68µm
_0222_,67.5µm
net163,67.36µm
_0403_,67.32µm
net27,67.26µm
_0443_,66.99µm
_0514_,66.6µm
_0915_,66.18µm
_0380_,66.02µm
net22,65.93µm
_0687_,65.74µm
net185,65.36µm
net221,65.31µm
net82,65.12µm
_0368_,65.02µm
_0857_,64.72µm
_0905_,64.6µm
_0250_,63.98µm
net51,63.915µm
net200,63.48µm
_0633_,63.45µm
_0790_,62.92µm
net60,61.88µm
_0294_,61.755µm
_0511_,61.65µm
net223,61.43µm
net24,61.02µm
net12,60.88µm
_0896_,60.68µm
_0779_,60.55µm
net3,59.52µm
_0389_,59.37µm
net50,59.365µm
_0954_,59.33µm
_0955_,58.54µm
_0629_,58.2µm
_0548_,58.16µm
_0121_,58.12µm
net28,58.045µm
_0740_,57.84µm
net204,57.82µm
_0079_,57.775µm
net40,57.655µm
net34,56.935µm
net186,56.76µm
net173,56.74µm
net10,56.38µm
net63,56.115µm
_0551_,55.8µm
net23,55.62µm
_0187_,55.04µm
_0283_,54.85µm
_0295_,54.78µm
net218,54.76µm
_0659_,53.92µm
_1006_,53.9µm
_0189_,53.83µm
_0884_,53.62µm
_0261_,52.98µm
net87,52.94µm
net190,52.845µm
_0704_,52.84µm
net47,52.715µm
_0802_,52.64µm
_1002_,51.86µm
net152,51.84µm
_0506_,51.58µm
net11,51.52µm
_0100_,51.04µm
_0630_,50.64µm
net194,50.54µm
_0883_,50.24µm
_0576_,49.98µm
_0600_,49.94µm
_0846_,49.7µm
net209,49.385µm
net14,49.275µm
_0257_,49.22µm
net61,49.185µm
net43,49.075µm
_0323_,48.82µm
_0778_,48.52µm
_0413_,48.28µm
net46,47.97µm
_0216_,47.68µm
_0877_,47.6µm
_0806_,47.5µm
_0980_,47.38µm
_0231_,47.32µm
_0308_,47.26µm
_0579_,47.22µm
_0685_,46.96µm
_0381_,46.58µm
net38,46.2µm
_0484_,45.94µm
net6,45.9µm
net93,45.84µm
net188,45.68µm
_0358_,45.6µm
_0455_,45.42µm
_0870_,45.14µm
_0013_,45.06µm
_0424_,44.91µm
net17,44.88µm
_0060_,44.82µm
_0536_,44.8µm
_0325_,44.56µm
_0287_,44.34µm
_0339_,44.34µm
_0449_,43.88µm
net64,43.585µm
_0932_,43.44µm
_0215_,42.76µm
_0448_,42.7µm
_0682_,42.16µm
_0876_,41.82µm
net282,41.5µm
_0309_,41.39µm
_0391_,41.38µm
net37,41.295µm
net15,41.12µm
net94,41.1µm
_0814_,40.88µm
net336,40.62µm
_0183_,40.6µm
_0572_,40.54µm
net35,40.43µm
_0225_,40.32µm
_0372_,40.06µm
net20,40µm
_0698_,39.98µm
_0078_,39.92µm
_0979_,39.82µm
net39,39.495µm
_0517_,39.3µm
net21,39.3µm
_0874_,39.26µm
_0931_,39.26µm
net16,39.12µm
_0898_,38.725µm
_0284_,38.72µm
_0095_,38.48µm
_0732_,38.46µm
_0899_,38.46µm
_0433_,38.42µm
_0373_,38.37µm
_0617_,38.02µm
_0509_,38µm
_0485_,37.98µm
_0184_,37.8µm
_0669_,37.52µm
_0423_,37.46µm
_0678_,37.39µm
net179,37.38µm
_0951_,37.3µm
net62,36.665µm
_0342_,36.38µm
net67,36.14µm
_0015_,36.06µm
_0588_,35.36µm
net18,35.18µm
_0012_,35.04µm
_0360_,35.02µm
_0416_,35.01µm
net176,34.36µm
_0291_,34.305µm
_0742_,34.3µm
_0305_,33.87µm
_0454_,33.8µm
_0356_,33.61µm
_0475_,33.58µm
net13,33.26µm
net7,32.98µm
_0577_,32.88µm
_0155_,32.84µm
_0855_,32.84µm
_0037_,32.74µm
_0408_,32.64µm
_0906_,32.6µm
_0456_,32.58µm
net235,32.56µm
_0375_,32.32µm
_0677_,32.14µm
net4,32.12µm
net92,32.12µm
_0518_,32.08µm
_0623_,31.92µm
_0803_,31.8µm
_0077_,31.56µm
_0036_,31.5µm
net45,30.895µm
_0359_,30.78µm
_0543_,30.56µm
_0064_,30.39µm
_0298_,30.325µm
net253,30.32µm
_0854_,30.16µm
_0578_,29.94µm
_0414_,29.7µm
net222,29.66µm
_0735_,29.42µm
net88,28.7µm
_0480_,28.68µm
_0178_,28.54µm
_0420_,28.3µm
_0418_,28.28µm
_0240_,28.18µm
_0683_,28.04µm
_0976_,27.7µm
_0507_,27.56µm
_0641_,27.44µm
_0101_,27.4µm
_0644_,27.26µm
net187,27.22µm
_0247_,26.98µm
_0328_,26.91µm
_0097_,26.64µm
_0383_,26.56µm
_0322_,26.38µm
_0032_,25.98µm
_0590_,25.94µm
_0526_,25.88µm
_0053_,25.76µm
net5,25.12µm
_0040_,24.8µm
_1001_,24.8µm
_0603_,24.68µm
_0604_,24.375µm
_0653_,24.26µm
_0332_,24.07µm
_0574_,24.04µm
_0208_,23.92µm
_0450_,23.84µm
_0252_,23.74µm
_0425_,23.54µm
_0627_,23.46µm
A[12],23.24µm
_0916_,23.22µm
_0084_,23.14µm
_0229_,23.08µm
_0919_,23.08µm
_0011_,22.88µm
_0377_,22.855µm
_0008_,22.8µm
net25,22.74µm
_0991_,22.66µm
_0547_,22.64µm
_0575_,22.61µm
_0394_,22.54µm
_0321_,22.38µm
_0482_,22.32µm
_0545_,22.14µm
_0510_,22.08µm
_0826_,22.04µm
_0907_,21.94µm
_0046_,21.92µm
net272,21.8µm
_0251_,21.78µm
_0515_,21.72µm
_0544_,21.7µm
net83,21.56µm
_0957_,21.42µm
_0266_,21.28µm
_0290_,21.14µm
_0169_,20.92µm
_0695_,20.88µm
_0153_,20.66µm
_0643_,20.66µm
_0477_,20.42µm
_0498_,20.4µm
_0213_,20.34µm
_0195_,20.285µm
_0385_,20.24µm
_0978_,20.2µm
_0233_,20.12µm
_0895_,20µm
_0307_,19.96µm
_0734_,19.96µm
_0324_,19.72µm
_0336_,19.64µm
_0774_,19.52µm
_0700_,19.5µm
_0313_,19.4µm
_0474_,19.31µm
_0645_,19.26µm
_0224_,19.02µm
_0840_,19µm
_0338_,18.94µm
net19,18.94µm
_0243_,18.86µm
_0606_,18.82µm
_0680_,18.82µm
_0127_,18.8µm
_0091_,18.78µm
_0656_,18.615µm
_0182_,18.58µm
_0750_,18.48µm
_0164_,18.46µm
_0211_,18.46µm
_0202_,18.44µm
_0145_,18.36µm
_0378_,18.24µm
_0232_,18.2µm
_0088_,18.06µm
_0591_,18.06µm
_0055_,18.04µm
_0107_,17.98µm
_0663_,17.98µm
_0925_,17.96µm
_0723_,17.94µm
_0441_,17.82µm
net77,17.78µm
_0348_,17.76µm
_0386_,17.64µm
net76,17.6µm
_0150_,17.48µm
A[20],17.42µm
_0868_,17.34µm
net79,17.28µm
_0761_,17.16µm
_0061_,17.14µm
_0154_,17.1µm
_0282_,17.06µm
A[10],16.88µm
_0194_,16.88µm
_0245_,16.84µm
_0983_,16.78µm
_0563_,16.64µm
_0214_,16.62µm
_0080_,16.6µm
_0281_,16.6µm
_0453_,16.54µm
A[21],16.5µm
_0605_,16.48µm
_0335_,16.46µm
_0393_,16.46µm
_0626_,16.28µm
_0807_,16.22µm
_0230_,16.14µm
_0235_,16.14µm
_0099_,16.12µm
net86,16.12µm
_0546_,16.1µm
_0220_,16.03µm
_0777_,15.84µm
_0593_,15.72µm
_0152_,15.64µm
_0165_,15.64µm
_0681_,15.64µm
net75,15.6µm
_0528_,15.54µm
_0177_,15.52µm
_0346_,15.48µm
_0219_,15.34µm
_0123_,15.32µm
_0760_,15.32µm
_0822_,15.3µm
_1008_,15.26µm
_0872_,15.24µm
_0467_,15.22µm
_0800_,15.22µm
_0801_,15.22µm
_0985_,15.18µm
_0967_,15.14µm
_0725_,15.1µm
_0771_,15.06µm
_0542_,14.99µm
_0172_,14.94µm
_0333_,14.92µm
_0419_,14.9µm
_0382_,14.84µm
_0334_,14.8µm
_0744_,14.78µm
_0652_,14.77µm
_0160_,14.76µm
A[13],14.66µm
net97,14.64µm
_0922_,14.54µm
_0537_,14.52µm
A[11],14.5µm
_0316_,14.48µm
_0402_,14.46µm
_0311_,14.4µm
Result[23],14.25µm
_0030_,14.22µm
A[16],14.18µm
_0782_,14.17µm
_0161_,14.1µm
_0664_,14.1µm
_0707_,13.98µm
_0265_,13.96µm
_0661_,13.96µm
Result[17],13.91µm
_0984_,13.86µm
_0776_,13.8µm
_0512_,13.76µm
_0767_,13.76µm
A[25],13.74µm
A[27],13.74µm
_0434_,13.72µm
_0966_,13.72µm
_0860_,13.58µm
_0613_,13.52µm
_0795_,13.51µm
_0479_,13.5µm
_0701_,13.5µm
A[0],13.4µm
_0751_,13.4µm
_0140_,13.38µm
_0142_,13.38µm
_0466_,13.3µm
A[22],13.28µm
A[9],13.28µm
_0554_,13.16µm
_0989_,13.1µm
_0371_,13.08µm
_0799_,13.08µm
_0203_,13.04µm
_0271_,12.88µm
A[19],12.82µm
A[30],12.82µm
_0171_,12.82µm
_0571_,12.8µm
_0200_,12.7µm
_0113_,12.645µm
_0007_,12.64µm
_0844_,12.6µm
_0217_,12.56µm
_0227_,12.5µm
_0910_,12.44µm
_0349_,12.41µm
_0502_,12.38µm
A[26],12.36µm
A[28],12.36µm
A[29],12.36µm
A[31],12.36µm
_0025_,12.345µm
_0873_,12.28µm
Result[4],12.25µm
_0442_,12.24µm
_0210_,12.18µm
_0071_,12.1µm
_0174_,12.1µm
_0304_,12.06µm
_0421_,12.04µm
_0520_,12µm
_0369_,11.92µm
_0752_,11.92µm
_0897_,11.92µm
A[24],11.9µm
A[2],11.9µm
_0072_,11.9µm
_0268_,11.88µm
_0460_,11.88µm
_1005_,11.88µm
net102,11.84µm
_0939_,11.82µm
net32,11.72µm
_0204_,11.7µm
_0490_,11.7µm
_0798_,11.7µm
_0670_,11.675µm
_0086_,11.64µm
_0302_,11.62µm
_0151_,11.58µm
_0365_,11.58µm
_0458_,11.58µm
_0501_,11.56µm
A[14],11.44µm
A[17],11.44µm
A[18],11.44µm
A[1],11.44µm
A[23],11.44µm
A[3],11.44µm
A[4],11.44µm
A[5],11.44µm
A[6],11.44µm
A[7],11.44µm
A[8],11.44µm
_0173_,11.415µm
_0933_,11.38µm
_0159_,11.34µm
_0062_,11.32µm
_0119_,11.3µm
_0133_,11.3µm
_0602_,11.26µm
_0747_,11.26µm
_0009_,11.24µm
_0952_,11.24µm
_0038_,11.14µm
net99,11.14µm
B[0],11.02µm
_0351_,11.02µm
_0862_,11µm
A[15],10.98µm
_0635_,10.92µm
_0581_,10.88µm
_0176_,10.86µm
_0942_,10.78µm
_1012_,10.76µm
Result[20],10.71µm
_0035_,10.7µm
_0486_,10.7µm
_0812_,10.7µm
_0361_,10.66µm
_0392_,10.66µm
_0437_,10.66µm
_0599_,10.66µm
Result[22],10.59µm
_0738_,10.58µm
_0451_,10.54µm
_0516_,10.54µm
_0992_,10.525µm
_0724_,10.5µm
Result[7],10.35µm
_0115_,10.32µm
_0468_,10.32µm
_0651_,10.32µm
_0657_,10.32µm
_0888_,10.32µm
_0937_,10.32µm
_0404_,10.3µm
_0457_,10.3µm
_0769_,10.28µm
_0825_,10.28µm
_0819_,10.26µm
B[27],10.22µm
_0917_,10.2µm
_0395_,10.14µm
net104,10.14µm
_0163_,10.12µm
Result[19],10.11µm
B[13],10.1µm
_0131_,10.1µm
_0609_,10.08µm
_0066_,10.02µm
_0063_,10µm
_0690_,10µm
_0792_,9.97µm
_0913_,9.94µm
_0889_,9.88µm
_0031_,9.86µm
_0436_,9.84µm
_0045_,9.82µm
_0069_,9.82µm
_0280_,9.82µm
_0918_,9.82µm
_0924_,9.82µm
_0961_,9.82µm
_0519_,9.79µm
_0694_,9.78µm
B[30],9.76µm
_0500_,9.74µm
_0522_,9.74µm
_0637_,9.72µm
_0736_,9.685µm
_0793_,9.62µm
_0585_,9.58µm
_0662_,9.58µm
_0920_,9.56µm
_0689_,9.54µm
_0597_,9.48µm
_0057_,9.44µm
_0435_,9.42µm
_0329_,9.38µm
_0655_,9.36µm
_0718_,9.36µm
_0118_,9.32µm
B[1],9.3µm
B[29],9.3µm
B[31],9.3µm
_0838_,9.3µm
_0950_,9.3µm
_0406_,9.26µm
_0817_,9.26µm
_0002_,9.24µm
Result[14],9.21µm
_0595_,9.2µm
_0768_,9.2µm
_0773_,9.2µm
B[16],9.18µm
B[17],9.18µm
B[2],9.18µm
_0452_,9.16µm
_1014_,9.08µm
net258,9.04µm
_0739_,9.02µm
_0960_,9.02µm
_0684_,8.96µm
_0930_,8.96µm
_0999_,8.96µm
_0269_,8.94µm
_0532_,8.94µm
_0865_,8.92µm
_0975_,8.92µm
net98,8.92µm
_0847_,8.9µm
_0848_,8.9µm
_0926_,8.86µm
B[14],8.84µm
B[18],8.84µm
B[19],8.84µm
B[21],8.84µm
B[23],8.84µm
B[24],8.84µm
B[28],8.84µm
_0521_,8.84µm
Result[10],8.75µm
_0244_,8.74µm
B[10],8.72µm
B[11],8.72µm
B[12],8.72µm
B[15],8.72µm
B[20],8.72µm
B[22],8.72µm
B[25],8.72µm
B[26],8.72µm
B[3],8.72µm
B[4],8.72µm
B[5],8.72µm
B[6],8.72µm
B[7],8.72µm
B[8],8.72µm
B[9],8.72µm
_0384_,8.7µm
_0894_,8.7µm
_0459_,8.66µm
_0390_,8.6µm
_0720_,8.6µm
_0988_,8.6µm
_0054_,8.595µm
_0671_,8.58µm
_0041_,8.56µm
_0175_,8.56µm
_0388_,8.555µm
_0317_,8.5µm
_0963_,8.5µm
_0624_,8.46µm
_0673_,8.46µm
_0830_,8.42µm
_0347_,8.4µm
_0667_,8.4µm
_0141_,8.34µm
_0014_,8.32µm
_0218_,8.32µm
net334,8.28µm
_0628_,8.26µm
_0815_,8.24µm
_0315_,8.04µm
_0759_,8.04µm
_0102_,8.02µm
_0201_,8.02µm
_0319_,8.02µm
_0867_,8µm
_0943_,8µm
_0693_,7.98µm
_0849_,7.98µm
_0721_,7.96µm
_0594_,7.94µm
_0796_,7.93µm
_0405_,7.92µm
_0387_,7.9µm
_0824_,7.9µm
_0842_,7.9µm
_0941_,7.9µm
_0839_,7.86µm
_0770_,7.76µm
_0096_,7.74µm
_0167_,7.74µm
_0299_,7.74µm
_0239_,7.7µm
_0871_,7.7µm
_0569_,7.68µm
_0789_,7.68µm
_0890_,7.68µm
_1013_,7.68µm
Result[18],7.67µm
_0706_,7.64µm
_0818_,7.64µm
_0023_,7.62µm
Result[6],7.61µm
_0138_,7.6µm
_0042_,7.56µm
_0379_,7.56µm
_0170_,7.54µm
net103,7.52µm
_0357_,7.5µm
_0137_,7.48µm
_0020_,7.44µm
_0557_,7.44µm
_0640_,7.44µm
Result[11],7.35µm
Result[12],7.33µm
_0753_,7.33µm
_0246_,7.32µm
_0531_,7.32µm
_0226_,7.28µm
_0565_,7.28µm
net80,7.28µm
_0017_,7.24µm
_0566_,7.24µm
_0146_,7.22µm
_0296_,7.2µm
_0737_,7.2µm
_0746_,7.2µm
_0885_,7.2µm
_0891_,7.18µm
_0965_,7.18µm
net89,7.18µm
_0816_,7.17µm
_0221_,7.14µm
_0473_,7.12µm
_1000_,7.12µm
_0117_,7.1µm
_0278_,7.1µm
_0407_,7.1µm
_0469_,7.1µm
_0654_,7.1µm
_0568_,7.06µm
_0273_,6.96µm
_0331_,6.94µm
_0400_,6.92µm
_0858_,6.88µm
_0499_,6.86µm
_0583_,6.84µm
_0345_,6.82µm
_0945_,6.79µm
_0439_,6.78µm
_0666_,6.78µm
_0935_,6.78µm
_0212_,6.76µm
_0343_,6.76µm
_0431_,6.76µm
net273,6.76µm
net277,6.76µm
_0639_,6.74µm
_0864_,6.72µm
net81,6.72µm
_0615_,6.7µm
_0314_,6.645µm
_0703_,6.645µm
_0318_,6.64µm
_0363_,6.64µm
_0705_,6.62µm
_0866_,6.62µm
_0067_,6.6µm
_0665_,6.6µm
_0198_,6.52µm
_0959_,6.52µm
_0986_,6.52µm
_0745_,6.5µm
_0841_,6.5µm
_0143_,6.4µm
_0362_,6.4µm
_0727_,6.4µm
_1011_,6.4µm
Result[24],6.33µm
_0549_,6.32µm
_0144_,6.26µm
_0147_,6.26µm
_0464_,6.26µm
_0621_,6.26µm
_0717_,6.2µm
_0856_,6.2µm
net283,6.2µm
_0049_,6.18µm
_0236_,6.18µm
_0612_,6.18µm
_0936_,6.18µm
_0947_,6.18µm
_0083_,6.14µm
_0561_,6.14µm
_0584_,6.14µm
_0731_,6.14µm
_0672_,6.08µm
_0558_,6.06µm
_0697_,6.06µm
_0728_,6.04µm
_0288_,6.02µm
_0326_,6.02µm
Result[26],5.99µm
Result[15],5.97µm
Result[27],5.97µm
Result[31],5.97µm
_0852_,5.86µm
_0029_,5.84µm
_0105_,5.84µm
_0126_,5.84µm
_0370_,5.84µm
_0438_,5.84µm
_0562_,5.84µm
_0607_,5.84µm
_0987_,5.82µm
_0003_,5.8µm
_0019_,5.8µm
_0398_,5.8µm
_0412_,5.8µm
net280,5.8µm
_0505_,5.74µm
_0912_,5.74µm
net74,5.74µm
_0051_,5.72µm
_0073_,5.72µm
_0508_,5.72µm
_0587_,5.72µm
_0909_,5.72µm
_0843_,5.68µm
_0973_,5.68µm
net328,5.68µm
Result[13],5.63µm
Result[21],5.63µm
Result[25],5.63µm
Result[29],5.63µm
_0193_,5.6µm
_0530_,5.6µm
_0878_,5.6µm
_0447_,5.56µm
_0234_,5.52µm
_0428_,5.52µm
_0733_,5.5µm
_0619_,5.48µm
_0900_,5.48µm
_0940_,5.48µm
P,5.41µm
_0092_,5.4µm
_0927_,5.38µm
net333,5.38µm
_0489_,5.36µm
_0136_,5.34µm
_0274_,5.34µm
_0696_,5.34µm
_0757_,5.34µm
_0923_,5.34µm
Result[1],5.29µm
Result[5],5.29µm
_0263_,5.28µm
_0124_,5.26µm
_0614_,5.26µm
_0686_,5.26µm
_0977_,5.26µm
net90,5.26µm
net100,5.26µm
_0879_,5.22µm
_0162_,5.14µm
_0488_,5.14µm
_1010_,5.14µm
_0481_,5.12µm
C,5.07µm
V,5.07µm
Z,5.07µm
alu_opcode[2],5.07µm
_0367_,5.04µm
_0104_,5.02µm
_0971_,5µm
_0534_,4.94µm
_0859_,4.94µm
_0471_,4.92µm
_0692_,4.92µm
_0756_,4.92µm
_0788_,4.92µm
_0962_,4.92µm
_0462_,4.9µm
_0074_,4.88µm
_0135_,4.88µm
_0478_,4.88µm
_0649_,4.88µm
_0791_,4.88µm
_0611_,4.82µm
_0039_,4.8µm
_0122_,4.8µm
_0130_,4.8µm
_0592_,4.8µm
net78,4.8µm
_0070_,4.78µm
_0018_,4.76µm
_0625_,4.76µm
_0719_,4.76µm
_0853_,4.76µm
_0366_,4.75µm
_0993_,4.68µm
Result[2],4.61µm
Result[30],4.61µm
alu_opcode[0],4.61µm
alu_opcode[1],4.61µm
alu_opcode[3],4.61µm
alu_opcode[4],4.61µm
_0726_,4.6µm
_0797_,4.6µm
Result[8],4.49µm
_0483_,4.48µm
_0636_,4.48µm
_0763_,4.48µm
_0081_,4.46µm
_0463_,4.46µm
_0631_,4.46µm
_0994_,4.46µm
_0085_,4.42µm
_0156_,4.42µm
_0647_,4.42µm
_0911_,4.42µm
N,4.39µm
_0205_,4.36µm
_0242_,4.36µm
_0001_,4.34µm
_0289_,4.34µm
_0713_,4.34µm
_0743_,4.34µm
_0808_,4.34µm
Result[0],4.27µm
Result[16],4.27µm
Result[28],4.27µm
_0033_,4.24µm
_0120_,4.24µm
_0445_,4.24µm
_0953_,4.22µm
_0928_,4.2µm
_0828_,4.14µm
_0998_,4.12µm
_0093_,4.1µm
_0264_,4.1µm
_0267_,4.1µm
_0820_,4.1µm
_0396_,4.02µm
_0422_,4.02µm
_0610_,4.02µm
_0691_,4.02µm
_0712_,4.02µm
_0005_,4µm
_0043_,4µm
_0047_,4µm
_0090_,4µm
_0188_,4µm
_0292_,4µm
_0426_,4µm
_0446_,4µm
_0538_,4µm
_0823_,4µm
_0833_,4µm
_0880_,4µm
_0914_,4µm
_0948_,4µm
net330,4µm
_0376_,3.98µm
_0399_,3.98µm
_0699_,3.98µm
Result[9],3.93µm
_0259_,3.9µm
_0310_,3.88µm
_0397_,3.88µm
_0533_,3.88µm
_0765_,3.88µm
Result[3],3.81µm
_0642_,3.76µm
_0556_,3.72µm
_0006_,3.68µm
_0052_,3.68µm
_0541_,3.68µm
_0293_,3.66µm
_0279_,3.64µm
_0075_,3.56µm
_0330_,3.56µm
_0596_,3.56µm
_0646_,3.56µm
_0804_,3.56µm
_0863_,3.56µm
_0969_,3.56µm
_0004_,3.54µm
_0027_,3.54µm
_0114_,3.54µm
_0262_,3.54µm
_0353_,3.54µm
_0675_,3.54µm
_0772_,3.54µm
_1015_,3.54µm
_0125_,3.44µm
_0638_,3.44µm
_0679_,3.44µm
_0034_,3.42µm
_0255_,3.42µm
_0300_,3.42µm
_0492_,3.42µm
_0493_,3.42µm
_0560_,3.42µm
_0564_,3.42µm
_0620_,3.42µm
_0722_,3.42µm
_0781_,3.42µm
_0785_,3.42µm
_0850_,3.42µm
_0887_,3.42µm
_0903_,3.42µm
_0352_,3.3µm
_0618_,3.3µm
net279,3.3µm
net306,3.3µm
_0780_,3.205µm
_0010_,3.2µm
_0658_,3.2µm
_0921_,3.2µm
net275,3.2µm
_0000_,3.1µm
_0191_,3.1µm
_0598_,3.1µm
_0869_,3.1µm
_1003_,3.1µm
_0228_,3.08µm
_0254_,3.08µm
_0355_,3.08µm
_0364_,3.08µm
_0525_,3.08µm
_0834_,3.08µm
_1007_,3.08µm
net101,3.08µm
_0022_,2.98µm
_0270_,2.98µm
_0601_,2.98µm
_0112_,2.96µm
_0139_,2.96µm
_0312_,2.96µm
_0417_,2.96µm
_0440_,2.96µm
_0754_,2.96µm
_0827_,2.96µm
_0730_,2.92µm
_0674_,2.87µm
_0821_,2.86µm
_0715_,2.84µm
_0303_,2.76µm
_0430_,2.76µm
_0476_,2.76µm
_0632_,2.74µm
_0716_,2.72µm
_0702_,2.645µm
_0472_,2.64µm
_0495_,2.64µm
_0997_,2.64µm
net281,2.64µm
_0026_,2.62µm
_0148_,2.62µm
_0272_,2.62µm
_0320_,2.62µm
_0340_,2.62µm
_0427_,2.62µm
_0491_,2.62µm
_0539_,2.62µm
_0622_,2.62µm
_0755_,2.62µm
_0836_,2.62µm
_0949_,2.62µm
net335,2.62µm
_0108_,2.52µm
_0301_,2.52µm
_0429_,2.52µm
_0552_,2.52µm
_0559_,2.52µm
_0784_,2.52µm
net274,2.52µm
_0016_,2.5µm
_0021_,2.5µm
_0048_,2.5µm
_0059_,2.5µm
_0179_,2.5µm
_0276_,2.5µm
_0297_,2.5µm
_0470_,2.5µm
_0835_,2.5µm
_0845_,2.5µm
_0875_,2.5µm
_0944_,2.5µm
_0970_,2.5µm
_0762_,2.38µm
_0082_,2.3µm
_0166_,2.3µm
_0223_,2.3µm
_0710_,2.3µm
_0050_,2.18µm
_0570_,2.18µm
_0586_,2.18µm
_0938_,2.18µm
_0024_,2.16µm
_0028_,2.16µm
_0076_,2.16µm
_0129_,2.16µm
_0341_,2.16µm
_0354_,2.16µm
_0374_,2.16µm
_0503_,2.16µm
_0550_,2.16µm
_0676_,2.16µm
_0708_,2.16µm
_0709_,2.16µm
_0783_,2.16µm
_0805_,2.16µm
_0946_,2.16µm
_0972_,2.16µm
_1004_,2.16µm
_0094_,2.06µm
_0116_,2.06µm
_0892_,2.06µm
_0044_,2.04µm
_0109_,2.04µm
_0111_,2.04µm
_0748_,2.04µm
_0758_,2.04µm
_0832_,2.04µm
_0990_,2.04µm
net276,2.04µm
_0350_,1.94µm
_0573_,1.94µm
_0128_,1.84µm
_0134_,1.84µm
_0277_,1.84µm
_0286_,1.84µm
_0306_,1.84µm
_0461_,1.84µm
_0523_,1.84µm
_0787_,1.84µm
_0929_,1.84µm
_0065_,1.72µm
_0087_,1.72µm
_0337_,1.72µm
_0524_,1.72µm
_0810_,1.72µm
_0851_,1.72µm
_0996_,1.72µm
_0253_,1.7µm
_0540_,1.7µm
_0650_,1.7µm
_0729_,1.7µm
_0811_,1.7µm
_0813_,1.7µm
_0881_,1.7µm
_0901_,1.7µm
_0964_,1.7µm
net259,1.7µm
net260,1.7µm
net278,1.7µm
_0535_,1.6µm
_0157_,1.48µm
_0444_,1.48µm
_0056_,1.38µm
_0098_,1.38µm
_0275_,1.38µm
_0809_,1.38µm
_0831_,1.38µm
_0794_,1.36µm
_0106_,1.26µm
_0504_,1.26µm
_0529_,1.26µm
_0555_,1.26µm
_0582_,1.26µm
_0886_,1.26µm
_0908_,1.26µm
_0934_,1.26µm
_0958_,1.26µm
_1009_,1.26µm
_0589_,1.14µm
_0668_,1.14µm
_0749_,1.14µm
_0775_,1.14µm
_0904_,1.14µm
_0496_,1.1µm
_0103_,1.02µm
_0158_,1.02µm
_0616_,0.92µm
_0902_,0.92µm
_0149_,0.8µm
_0256_,0.8µm
_0882_,0.8µm
_0409_,0.46µm
_0494_,0.46µm
_0567_,0.46µm
_0648_,0.46µm
_0711_,0.46µm
_0968_,0.46µm
_0974_,0.46µm
_0995_,0.46µm
